{
	"id": "002/0002/0011",
	"Type": "Magazine",
	"Category" : "Magazine",
	"Date": "01-09-1977",
	"Name" : "Eaglet",
	"Year" : "1977",
	"AccessLevel": 0,
	"People": "Sunil Gupta - Page 5",
	"Article Name" : "Head Boys Speech at the Invsetiture Ceremony - Page 15, Speech delivered by His Holiness Swamy Chinmayananda - Page 18, L'affaire Raipur! - Page 19, 'East and West'go Picnicking - Page 20, West wingers did it - Page 20, Maharajpet Disturbed - Page 20, We Went To Ooty - Page 21, Hobbies - Page 22, The 55th Annual Day - Page 23",
	"Author Name" : "Kishenchand, Krishna Mohan, Sunil Gupta - Page 20, V.K.R. - Page 21, Saad Bin Jung - Page 22"
}
