{
	"id": "002/0002/0008",
	"Type": "Magazine",
	"Category" : "Magazine",
	"Date": "01-12-1988",
	"Name" : "Eaglet",
	"Year" : "1988",
	"AccessLevel": 0,
	"People": "Divya Pingle - Page 4, Anil Prabhakar - Page 11, Ram Lal - Page 12, Sandeep Chakravarthy - Page 13, Dr. Surender Reddy - Page 16, Ramesh Chandra - Page 17, L. Surender Rao, Prateek Mehta, Rajendar Prasad, C. Satyam, Yugandhar, Saunak Chatterjee, P. Hemanth - Page 19, Ganesh, V. Anil Reddy, Ram Singh, Krishnam Raju, Syed Salman Razvi, Moneesha Nijhawan, Lakshmi Ramaiah, Sunaina Gupta - Page 20, Urmilla Reddy, N. Prashant, A. Vijay Mohan, Sandeep Patwari, G. Narender, Someshwar, Jagdeep, M. Jagan Babu - Page 21, M. Srinivas, V. Manoj, Srinivas Pratap, Ajit Mohandas, Rohan Gallagher - Page 22, P. Vikram, Tanveer Hasan, Avinash Gulrajani, Sweety Changsan, Elesh Patel, K. Laxman Kumar, Divya Pingle, Gangaram - Page 23, V.V.S. Kiran, Prasad, Kashyap, Supriya, Siva Priya, Somender - Page 24, L. Surender - Page 31, P. Shiv Shankar - Page 39, P. Siva Priya - Page 56, Rohan Gallagher - Page 67, A. Vijay Mohan - Page 68, Mr. John Kempe - Page 69,",
	"Article Name" : "Yesterday, Today and Tomorrow - Page 2, The History of the Hyderabad Public School - Page 3, Campus News - Page 7,8,9,10,11, Obituary - Page 16,17, Trip to Ooty-Sweet Victory.... Page 17,18, New Appointments - Page 19, Head Boy Speech - Page 31, Editors with Shri P. Shiv Shankar - Page 39, Teacher's Day - Page 40,41, Middle School Concert- Kid's Stuff? No, Sir! - Page 52,53, Middle School Concert- A Review - Page 54,55, The Middle School Concert - Page 56, From the Visitors' Book - Page 66, From Australia, with Love... - Page 67, Thank you, Rotary!!! - Page 68, 1951-54- Some Reminiscenes- Page 69,70,71,72,",
	"Author Name" : "Kahlil Gibran - Page 2, Mr. S.K. Bose - Page 3, Urmila Reddy, Shaheen - Page 7,8,9,10,11, Prateek Mehta, Sunaina Gupta - Page 17,18, Zeenath Khan - Page 40, Sheela - Page 41, Arun Masilamani - Page 52,53, Mrs. Marien Oommen, M.A. - Page 54,55, P. Siva Priya - Page 56, P. Shiv Shankar - Page 66, Rohan Gallagher - Page 67, A. Vijay Mohan - Page 68, Mr. John Kempe - Page 69,"
}
