{
	"id": "002/0002/0010",
	"Type": "Magazine",
	"Category" : "Magazine",
	"Date": "01-11-2022",
	"Name" : "Eaglet",
	"Year" : "2022",
	"AccessLevel": 0,
	"People": "Sanjana Punna, Srivathsa Pulipati, V. Amogh Tarun, Ishita Bhargav, Sai Poorna Parikshit, Sanchi Garg - Page 2, Ankot Suhas Rao - Page 6, Ankit Suhas Rao - Page 20, Guruji Sh. Sanjayji, Mr. Prem Watsa - Page 23,",
	"Article Name" : "ICSE-ISC School Toppers - Page 2, COP27 Global Meet - Page 6, Round Square International Conference - Page 7, Welcoming Alumnus of 1986 - Page 23,",
	"Author Name" : " "
}
