{
	"id": "002/0002/0007",
	"Type": "Magazine",
	"Category" : "Magazine",
	"Date": "01-12-1983",
	"Name" : "Eaglet",
	"Year" : "1983",
	"AccessLevel": 0,
	"People": "Sumit Talwar - Page 2, Ajay Kapur, Pramod Chandrasekhar - Page 51, D Srinivas, Sumit Talwar - Page 52, Ravinder Raju, B. Sreedhar - Page 53, P. Srinivasu, D. Suresh - Page 54, Jagdish Babu, Sudhakar Reddy - Page 55, P. Venkateshwar Reddy, N. Satyanarayana - Page 56, Ranjan Pant, Soumya Chakravarthy - Page 57, P. Shiva Kumar, Nagender Prasad - Page 58, Nisheeth Dube - Page 59",
	"Article Name" : "A Handshake With The Duke - Page 5,6, To Sir With Love - Page 11,12,13, The Primary School Concert- A Review - Page 14,15,16, Primary Concert - Page 17,18,19,20, The Primary School Concert - Page 21,22, Primary School Concert - Page 23,24,25, Primary School Play-Par Excellence Yet Again - Page 34,35,36, Pentangular - Page 41,42,43, A Date with Abdullah Khan - Page 45,46, An Eagle's Point of View - Page 47,48, The Bells Are Jingling - Page 49,50, Profiles in Excellence - Page 51,52,53,54,55,56,57,58,59,",
	"Author Name" : "Amit Chugh - Page 5,6, Sumit Talwar - Page 11,12,13, Mrs. Gita Shyam Sunder M.A. - Page 14,15,16, Sumit Talwar - Page 17,18,19,20, Yasmin Ansari - Page 21,22, Shobha Rengarajan - Page 23,24,25, Moneesha Nijhawan - Page 34,35,36, Sumit Talwar - Page 41,42,43, Sumit Talwar - 45,46, Sumit Talwar - Page 47,48, Ajay Kapoor - Page 49,50, Preetish Nijhawan - Page 59"
}
