{
	"id": "002/0002/0014",
	"Type": "Magazine",
	"Category" : "Magazine",
	"Date": "01-05-1979",
	"Name" : "Eaglet",
	"Year" : "1979",
	"AccessLevel": 0,
	"People": "Shantanu Narayen - Page 20, Pramod Chandrasekhar, Ajay Kapur, Rajiv Singh - Page 23, Ramana Reddy, Hari prasad - Page 24, Sharan Taneja, Krishna Kumar - Page 25, Ajay Kumar, Sudeep Naidu, Shantanu Narayen, Shashank Tilak, Sameer Vijayakar, P. Venkat Rao - Page 36,",
	"Article Name" : "To Sir, With Love - Page 4, Farewell Address Presented to Mr. H.L. Dutt and Mrs. Dutt - Page 5, P.T.A. Farewell to Mr. & Mrs. H.L. Dutt - Page - 6, P.T.A. Farewell to Mr. & Mrs. H.L. Dutt - Page - 7, Good-Bye Mr. Dutt - Page 8, School Farewell to Mr. & Mrs. H.L. Dutt - Page 11, School Farewell to Mr. & Mrs. H.L. Dutt - Page 12, Head Boy's Speech on Annual Day - Page 40, 'Where Eagles Dare...' - Page 41,42,43, A Trip To Nepal - Page 45,46,47, Eastward Ho! On To Singapore! - Page 48,49,",
	"Author Name" : "Shantanu Narayen - Page 4, S.W. Chandrasekhar - Page 5, Mr. V.K. Raman - Page 6, Mrs. Ranga Rao - Page 7, Mr. Janaki Ramayya - Page 11, Mr. M. Satyadev - Page 12, Ajay Kumar - Page 40, Sudip Naidu - Page 41,42,43, Mukund Dusey - Page 45,46,47, D.V.S Rama Rao - Page 48,49,"
}
